Année d’obtention;Diplôme;Situation;Discipline principale agrégée;Discipline principale;Genre;Nombre de répondant;Part des femmes;Taux d’insertion;Taux d’emploi stable;Taux d’emploi cadre;Taux d’emploi à temps plein;Répartition des docteurs en emploi dans le secteur académique;Répartition des docteurs en emploi dans le public hors secteur académique;Répartition des docteurs en emploi dans la R&D privée;Répartition des docteurs en emploi dans le privé hors secteur académique et R&D;Taux d’emploi à l’étranger;1er quartile du salaire net mensuel des emplois à temps plein;Salaire net mensuel médian des emplois à temps plein;3ème quartile du salaire net mensuel des emplois à temps plein;Salaire brut annuel moyen estimé
2014;DOCTORAT;36 mois après le diplôme;Sciences et leurs interactions;Mathématiques et leurs interactions;femmes et hommes;364;28;94;65;94;98;58;13;15;14;38;2220;2493;2931;36000
2014;DOCTORAT;36 mois après le diplôme;Ensemble Sciences humaines et humanités;Sciences humaines et humanités;femmes et hommes;1195;59;90;69;86;89;44;40;4;12;28;1843;2263;2593;31944
2014;DOCTORAT;36 mois après le diplôme;Ensemble Sciences de la société;Sciences de la société;femmes et hommes;952;50;89;74;91;89;52;24;4;20;34;2054;2366;3086;33915
2014;DOCTORAT;36 mois après le diplôme;Sciences de la société;Sciences économiques et de gestion;femmes et hommes;356;49;93;75;91;92;57;21;8;14;36;2222;2569;3375;36600
2014;DOCTORAT;36 mois après le diplôme;Ensemble;Ensemble;femmes;2986;;90;63;91;91;49;22;13;16;31;2000;2281;2692;33396
2014;DOCTORAT;36 mois après le diplôme;Ensemble Sciences du vivant;Sciences du vivant;femmes;836;;90;47;93;92;62;13;12;13;36;1970;2196;2813;32000
2014;DOCTORAT;36 mois après le diplôme;Sciences humaines et humanités;Langues et littératures;femmes;203;;92;74;90;86;37;51;4;8;22;1921;2314;2593;33000
2014;DOCTORAT;36 mois après le diplôme;Sciences de la société;Sciences sociales, sociologie, démographie;femmes;121;;84;52;90;91;57;31;1;11;33;ns;ns;ns;ns
2014;DOCTORAT;36 mois après le diplôme;Ensemble Sciences et leurs interactions;Sciences et leurs interactions;hommes;2416;;92;69;95;98;45;8;28;19;36;2188;2479;2833;37752
2014;DOCTORAT;36 mois après le diplôme;Sciences et leurs interactions;Mathématiques et leurs interactions;hommes;261;;94;63;95;99;59;12;17;12;37;2211;2487;2952;36000
2014;DOCTORAT;36 mois après le diplôme;Sciences de la société;Sciences économiques et de gestion;hommes;182;;93;74;90;95;50;25;7;18;41;2263;3083;3896;43560
2014;DOCTORAT;36 mois après le diplôme;Sciences de la société;Sciences juridiques et politiques;hommes;195;;89;83;91;91;43;24;3;30;38;1763;2479;3258;35000
2014;DOCTORAT;12 mois après le diplôme;Sciences et leurs interactions;Chimie et sciences des matériaux;femmes et hommes;769;45;81;45;95;98;52;9;22;17;38;1875;2125;2323;31000
2014;DOCTORAT;12 mois après le diplôme;Sciences humaines et humanités;Langues et littératures;femmes et hommes;307;67;90;70;89;87;43;48;2;7;26;1659;1875;2408;26976
2014;DOCTORAT;12 mois après le diplôme;Ensemble Sciences de la société;Sciences de la société;femmes et hommes;952;50;86;62;91;86;53;26;3;18;35;1748;2093;2625;30000
2014;DOCTORAT;12 mois après le diplôme;Sciences de la société;Sciences juridiques et politiques;femmes et hommes;383;47;82;68;91;82;47;30;3;20;37;1707;2063;2674;30000
2014;DOCTORAT;12 mois après le diplôme;Sciences et leurs interactions;Physique;femmes;146;;85;42;95;99;51;7;18;24;43;2000;2263;2500;34000
2014;DOCTORAT;12 mois après le diplôme;Sciences du vivant;Sciences agronomiques et écologiques;femmes;117;;76;45;90;86;56;17;16;11;34;ns;ns;ns;ns
2014;DOCTORAT;12 mois après le diplôme;Sciences et leurs interactions;Chimie et sciences des matériaux;hommes;452;;81;46;94;97;53;8;23;16;38;1875;2125;2345;30492
2014;DOCTORAT;12 mois après le diplôme;Sciences du vivant;Biologie, médecine et santé;hommes;552;;87;39;94;96;68;13;8;11;40;1851;2188;3007;31920
2014;DOCTORAT;12 mois après le diplôme;Sciences humaines et humanités;Langues et littératures;hommes;104;;94;71;89;92;60;32;2;6;37;ns;ns;ns;ns
2014;DOCTORAT;12 mois après le diplôme;Sciences humaines et humanités;Philosophie et arts;hommes;92;;81;57;84;83;37;42;0;21;26;ns;ns;ns;ns
2014;DOCTORAT;12 mois après le diplôme;Sciences humaines et humanités;Sciences humaines;hommes;158;;85;64;85;93;38;39;4;19;29;1696;1875;2479;28000
2016;DOCTORAT;12 mois après le diplôme;Sciences du vivant;Sciences agronomiques et écologiques;femmes et hommes;256;56;81;40;95;97;64;13;12;11;39;1800;2000;2275;31601
2016;DOCTORAT;12 mois après le diplôme;Ensemble Sciences humaines et humanités;Sciences humaines et humanités;femmes et hommes;1499;58;87;59;90;84;43;38;4;15;27;1751;2000;2500;33054
2016;DOCTORAT;12 mois après le diplôme;Sciences humaines et humanités;Langues et littératures;femmes;242;;85;60;94;81;43;49;0;8;26;1683;2000;2400;32097
2016;DOCTORAT;12 mois après le diplôme;Sciences de la société;Sciences sociales, sociologie, démographie;femmes;148;;80;45;86;81;43;27;9;21;27;ns;ns;ns;ns
2016;DOCTORAT;12 mois après le diplôme;Sciences et leurs interactions;Physique;hommes;497;;89;46;98;98;48;8;27;17;38;2027;2250;2707;37807
2016;DOCTORAT;12 mois après le diplôme;Sciences humaines et humanités;Philosophie et arts;hommes;129;;81;59;88;79;40;39;3;18;31;ns;ns;ns;ns
2016;DOCTORAT;12 mois après le diplôme;Sciences humaines et humanités;Sciences humaines;hommes;172;;88;68;93;88;39;25;12;25;24;ns;ns;ns;ns
2016;DOCTORAT;12 mois après le diplôme;Sciences de la société;Sciences sociales, sociologie, démographie;hommes;110;;86;49;87;85;42;38;3;16;34;ns;ns;ns;ns
2016;DOCTORAT;36 mois après le diplôme;Sciences et leurs interactions;Physique;femmes et hommes;678;28;93;62;98;96;46;8;28;18;37;2280;2600;3000;42364
2016;DOCTORAT;36 mois après le diplôme;Sciences du vivant;Biologie, médecine et santé;femmes et hommes;1491;56;93;53;96;96;59;10;16;16;34;2100;2450;3317;43987
2016;DOCTORAT;36 mois après le diplôme;Sciences humaines et humanités;Langues et littératures;femmes et hommes;381;64;91;73;94;90;51;42;0;8;31;1900;2283;2648;36022
2016;DOCTORAT;36 mois après le diplôme;Sciences humaines et humanités;Sciences humaines;femmes et hommes;440;62;90;76;92;86;46;30;5;20;20;1900;2274;2700;36321
2016;DOCTORAT;36 mois après le diplôme;Sciences de la société;Sciences économiques et de gestion;femmes et hommes;417;42;93;70;97;92;58;17;5;20;35;2200;2500;3300;44375
2016;DOCTORAT;36 mois après le diplôme;Sciences et leurs interactions;Physique;femmes;181;;93;61;98;91;50;9;22;19;36;2250;2653;3000;41201
2016;DOCTORAT;36 mois après le diplôme;Sciences et leurs interactions;Chimie et sciences des matériaux;femmes;364;;89;70;95;98;35;11;30;24;30;2100;2450;2808;38919
2016;DOCTORAT;36 mois après le diplôme;Sciences du vivant;Sciences agronomiques et écologiques;femmes;144;;90;48;94;96;55;14;13;18;35;ns;ns;ns;ns
2016;DOCTORAT;36 mois après le diplôme;Sciences humaines et humanités;Philosophie et arts;femmes;126;;90;66;87;78;44;37;4;15;24;ns;ns;ns;ns
2016;DOCTORAT;36 mois après le diplôme;Ensemble Sciences et leurs interactions;Sciences et leurs interactions;hommes;2785;;95;70;98;98;40;7;35;19;33;2300;2600;3100;42874
2016;DOCTORAT;36 mois après le diplôme;Sciences et leurs interactions;Sciences de la terre et de l’univers, espace;hommes;229;;92;43;97;97;64;10;11;14;50;2008;2345;2600;36913
2016;DOCTORAT;36 mois après le diplôme;Ensemble Sciences de la société;Sciences de la société;hommes;538;;93;70;96;93;52;22;4;23;37;2000;2351;3000;42566
2016;DOCTORAT;36 mois après le diplôme;Sciences de la société;Sciences sociales, sociologie, démographie;hommes;110;;87;56;94;86;51;34;3;12;32;ns;ns;ns;ns
2014;DOCTORAT;36 mois après le diplôme;Ensemble;Ensemble;femmes et hommes;7055;44;91;66;92;94;49;18;16;17;34;2057;2375;2813;35000
2014;DOCTORAT;36 mois après le diplôme;Sciences et leurs interactions;Sciences et TIC;femmes et hommes;762;26;94;75;93;98;40;5;33;22;35;2188;2500;2893;39000
2014;DOCTORAT;36 mois après le diplôme;Sciences humaines et humanités;Sciences humaines;femmes et hommes;334;55;89;73;86;90;45;34;5;16;28;1867;2263;2832;33218
2014;DOCTORAT;36 mois après le diplôme;Sciences de la société;Sciences juridiques et politiques;femmes et hommes;383;47;89;81;92;88;43;25;3;29;32;1851;2267;2983;33000
2014;DOCTORAT;36 mois après le diplôme;Sciences humaines et humanités;Sciences humaines;femmes;176;;85;69;87;87;48;33;4;15;24;1896;2314;2750;33218
2014;DOCTORAT;36 mois après le diplôme;Sciences de la société;Sciences économiques et de gestion;femmes;174;;92;75;93;89;64;16;9;11;31;2215;2468;2880;35000
2014;DOCTORAT;36 mois après le diplôme;Sciences de la société;Sciences juridiques et politiques;femmes;188;;88;80;92;85;44;25;3;28;26;1875;2242;2625;31680
2014;DOCTORAT;36 mois après le diplôme;Sciences et leurs interactions;Sciences de la terre et de l’univers, espace;hommes;175;;90;53;94;97;56;16;11;17;45;1995;2229;2571;31944
2014;DOCTORAT;36 mois après le diplôme;Ensemble Sciences du vivant;Sciences du vivant;hommes;660;;90;52;95;97;64;12;12;12;37;2063;2438;3400;36242
2014;DOCTORAT;36 mois après le diplôme;Sciences du vivant;Sciences agronomiques et écologiques;hommes;108;;84;63;94;98;54;18;15;13;31;ns;ns;ns;ns
2014;DOCTORAT;36 mois après le diplôme;Sciences humaines et humanités;Histoire, géographie;hommes;170;;92;70;84;96;43;45;2;10;29;1913;2281;2674;32208
2014;DOCTORAT;36 mois après le diplôme;Sciences de la société;Sciences sociales, sociologie, démographie;hommes;92;;86;67;86;83;58;25;2;15;38;ns;ns;ns;ns
2014;DOCTORAT;12 mois après le diplôme;Sciences et leurs interactions;Mathématiques et leurs interactions;femmes et hommes;364;28;92;47;96;97;62;12;13;13;45;2054;2263;2569;33396
2014;DOCTORAT;12 mois après le diplôme;Sciences et leurs interactions;Physique;femmes et hommes;543;26;85;44;94;98;51;9;18;22;39;1998;2250;2500;33506
2014;DOCTORAT;12 mois après le diplôme;Sciences et leurs interactions;Sciences de la terre et de l’univers, espace;femmes et hommes;287;42;79;39;95;97;56;17;8;19;47;1748;2057;2263;30492
2014;DOCTORAT;12 mois après le diplôme;Ensemble Sciences du vivant;Sciences du vivant;femmes et hommes;1496;54;83;37;92;94;64;16;9;11;36;1831;2095;2569;30202
2014;DOCTORAT;12 mois après le diplôme;Ensemble Sciences et leurs interactions;Sciences et leurs interactions;femmes;996;;86;50;95;97;47;11;20;22;36;1895;2160;2438;32000
2014;DOCTORAT;12 mois après le diplôme;Sciences et leurs interactions;Mathématiques et leurs interactions;femmes;103;;87;45;99;95;57;17;11;15;42;ns;ns;ns;ns
2014;DOCTORAT;12 mois après le diplôme;Sciences et leurs interactions;Chimie et sciences des matériaux;femmes;317;;81;45;95;98;49;10;22;19;38;1851;2125;2294;31200
2014;DOCTORAT;12 mois après le diplôme;Ensemble Sciences du vivant;Sciences du vivant;femmes;836;;81;34;91;92;63;17;9;11;34;1800;2057;2471;30000
2014;DOCTORAT;12 mois après le diplôme;Ensemble Sciences de la société;Sciences de la société;femmes;483;;85;62;91;83;57;20;3;20;29;1700;1949;2338;28000
2014;DOCTORAT;12 mois après le diplôme;Sciences et leurs interactions;Sciences et TIC;hommes;594;;90;58;97;98;47;6;23;24;33;2047;2255;2500;35000
2014;DOCTORAT;12 mois après le diplôme;Ensemble Sciences du vivant;Sciences du vivant;hommes;660;;85;40;94;96;66;15;8;11;39;1842;2142;2833;31755
2014;DOCTORAT;12 mois après le diplôme;Sciences humaines et humanités;Histoire, géographie;hommes;170;;85;58;81;96;37;48;3;12;26;1646;2074;2386;29280
2014;DOCTORAT;12 mois après le diplôme;Sciences de la société;Sciences sociales, sociologie, démographie;hommes;92;;84;56;88;84;45;40;0;15;35;ns;ns;ns;ns
2016;DOCTORAT;12 mois après le diplôme;Ensemble;Ensemble;femmes et hommes;8279;44;87;52;95;93;50;16;18;16;32;1942;2200;2600;36195
2016;DOCTORAT;12 mois après le diplôme;Sciences et leurs interactions;Mathématiques et leurs interactions;femmes et hommes;462;26;94;49;98;97;54;13;19;14;39;2080;2300;2800;37653
2016;DOCTORAT;12 mois après le diplôme;Sciences et leurs interactions;Sciences de la terre et de l’univers, espace;femmes et hommes;379;43;82;33;97;98;65;9;13;13;46;1900;2083;2400;33216
2016;DOCTORAT;12 mois après le diplôme;Sciences et leurs interactions;Chimie et sciences des matériaux;femmes et hommes;819;47;84;47;98;98;46;9;29;17;34;1950;2188;2500;34724
2016;DOCTORAT;12 mois après le diplôme;Sciences et leurs interactions;Sciences pour l’ingénieur;femmes et hommes;822;27;91;60;99;96;38;6;34;21;24;2030;2283;2617;37493
2016;DOCTORAT;12 mois après le diplôme;Sciences et leurs interactions;Sciences et TIC;femmes et hommes;825;26;92;59;98;98;46;5;33;16;32;2053;2300;2683;37486
2016;DOCTORAT;12 mois après le diplôme;Ensemble Sciences et leurs interactions;Sciences et leurs interactions;femmes;1200;;86;53;97;96;48;9;26;17;32;2000;2200;2520;35425
2016;DOCTORAT;12 mois après le diplôme;Sciences et leurs interactions;Sciences de la terre et de l’univers, espace;femmes;150;;78;38;97;98;66;13;10;11;44;ns;ns;ns;ns
2016;DOCTORAT;12 mois après le diplôme;Ensemble Sciences humaines et humanités;Sciences humaines et humanités;femmes;846;;85;58;88;81;43;41;2;13;23;1700;2000;2400;31874
2016;DOCTORAT;12 mois après le diplôme;Sciences humaines et humanités;Philosophie et arts;femmes;126;;87;56;87;74;44;36;4;16;25;ns;ns;ns;ns
2016;DOCTORAT;12 mois après le diplôme;Ensemble Sciences et leurs interactions;Sciences et leurs interactions;hommes;2785;;90;52;98;98;46;7;30;17;34;2027;2300;2625;37299
2016;DOCTORAT;12 mois après le diplôme;Sciences et leurs interactions;Sciences de la terre et de l’univers, espace;hommes;229;;84;31;97;98;64;6;15;15;47;ns;ns;ns;ns
2016;DOCTORAT;12 mois après le diplôme;Sciences du vivant;Biologie, médecine et santé;hommes;654;;86;43;97;98;66;9;13;12;38;1963;2305;3500;42767
2016;DOCTORAT;12 mois après le diplôme;Sciences humaines et humanités;Langues et littératures;hommes;139;;92;61;93;87;51;36;4;9;40;ns;ns;ns;ns
2016;DOCTORAT;36 mois après le diplôme;Sciences et leurs interactions;Mathématiques et leurs interactions;femmes et hommes;462;26;96;69;98;98;51;14;20;15;34;2256;2721;3263;44567
2016;DOCTORAT;36 mois après le diplôme;Sciences et leurs interactions;Chimie et sciences des matériaux;femmes et hommes;819;47;91;68;97;98;36;9;32;22;32;2100;2500;2912;39665
2016;DOCTORAT;36 mois après le diplôme;Ensemble Sciences du vivant;Sciences du vivant;femmes et hommes;1747;56;92;53;95;96;59;10;15;15;35;2030;2400;3150;42510
2016;DOCTORAT;36 mois après le diplôme;Sciences du vivant;Sciences agronomiques et écologiques;femmes et hommes;256;56;91;53;95;97;59;12;15;15;40;1900;2180;2525;35028
2016;DOCTORAT;36 mois après le diplôme;Sciences humaines et humanités;Philosophie et arts;femmes et hommes;255;50;91;68;89;82;44;34;4;18;31;1800;2200;2727;35424
2016;DOCTORAT;36 mois après le diplôme;Sciences de la société;Sciences juridiques et politiques;femmes et hommes;373;50;91;79;95;95;39;25;1;34;29;2000;2300;2700;39251
2016;DOCTORAT;36 mois après le diplôme;Ensemble Sciences de la société;Sciences de la société;femmes;510;;87;69;93;91;47;23;3;27;24;1950;2300;2813;38077
2016;DOCTORAT;36 mois après le diplôme;Sciences de la société;Sciences économiques et de gestion;femmes;174;;88;74;99;90;60;16;4;20;28;2200;2525;3308;43743
2016;DOCTORAT;36 mois après le diplôme;Sciences et leurs interactions;Mathématiques et leurs interactions;hommes;336;;96;68;98;98;51;14;21;14;34;2258;2750;3425;45663
2016;DOCTORAT;36 mois après le diplôme;Sciences et leurs interactions;Physique;hommes;497;;93;62;98;98;44;8;31;17;38;2300;2600;3008;42787
2016;DOCTORAT;36 mois après le diplôme;Sciences et leurs interactions;Chimie et sciences des matériaux;hommes;455;;93;66;98;99;38;7;34;21;34;2100;2500;2950;40310
2016;DOCTORAT;36 mois après le diplôme;Sciences de la société;Sciences juridiques et politiques;hommes;185;;91;83;98;95;46;20;2;33;35;2000;2300;2933;42347
2014;DOCTORAT;36 mois après le diplôme;Sciences et leurs interactions;Physique;femmes et hommes;543;26;90;59;95;98;49;9;22;20;36;2152;2468;2877;37000
2014;DOCTORAT;36 mois après le diplôme;Sciences et leurs interactions;Chimie et sciences des matériaux;femmes et hommes;769;45;89;63;94;97;42;11;28;19;36;2074;2366;2672;36000
2014;DOCTORAT;36 mois après le diplôme;Sciences du vivant;Sciences agronomiques et écologiques;femmes et hommes;225;53;86;61;94;93;55;17;14;14;34;1970;2160;2489;31642
2014;DOCTORAT;36 mois après le diplôme;Sciences et leurs interactions;Physique;femmes;146;;88;58;94;98;51;8;18;23;40;2057;2406;2813;36736
2014;DOCTORAT;36 mois après le diplôme;Sciences et leurs interactions;Sciences et TIC;femmes;168;;98;76;92;96;38;6;30;26;33;2188;2494;2788;39000
2014;DOCTORAT;36 mois après le diplôme;Ensemble Sciences humaines et humanités;Sciences humaines et humanités;femmes;671;;89;66;85;85;42;42;4;12;26;1843;2263;2571;31944
2014;DOCTORAT;36 mois après le diplôme;Sciences humaines et humanités;Philosophie et arts;hommes;92;;87;61;88;86;47;34;0;19;28;ns;ns;ns;ns
2014;DOCTORAT;12 mois après le diplôme;Ensemble Sciences et leurs interactions;Sciences et leurs interactions;femmes et hommes;3412;31;87;52;96;97;50;9;21;20;36;1954;2188;2479;32800
2014;DOCTORAT;12 mois après le diplôme;Sciences et leurs interactions;Sciences pour l’ingénieur;femmes et hommes;687;27;89;58;97;97;47;10;25;18;29;1877;2160;2468;32000
2014;DOCTORAT;12 mois après le diplôme;Sciences et leurs interactions;Sciences et TIC;femmes et hommes;762;26;91;58;96;97;46;6;23;25;34;2055;2255;2531;35000
2014;DOCTORAT;12 mois après le diplôme;Sciences du vivant;Sciences agronomiques et écologiques;femmes et hommes;225;53;78;45;92;90;57;17;14;12;35;1748;1954;2267;28392
2014;DOCTORAT;12 mois après le diplôme;Ensemble Sciences humaines et humanités;Sciences humaines et humanités;femmes et hommes;1195;59;84;61;84;88;42;42;2;14;26;1659;1925;2373;27588
2014;DOCTORAT;12 mois après le diplôme;Sciences humaines et humanités;Sciences humaines;femmes et hommes;334;55;82;61;86;89;43;38;3;16;27;1696;1934;2346;28000
2014;DOCTORAT;12 mois après le diplôme;Sciences et leurs interactions;Sciences et TIC;femmes;168;;94;61;93;96;41;7;23;29;38;2057;2288;2571;34314
2014;DOCTORAT;12 mois après le diplôme;Sciences du vivant;Biologie, médecine et santé;femmes;719;;82;32;91;93;64;17;8;11;34;1867;2108;2531;30000
2014;DOCTORAT;12 mois après le diplôme;Ensemble Sciences humaines et humanités;Sciences humaines et humanités;femmes;671;;82;60;84;84;42;43;2;13;24;1646;1875;2267;27000
2014;DOCTORAT;12 mois après le diplôme;Sciences humaines et humanités;Langues et littératures;femmes;203;;88;70;88;85;34;56;2;8;20;1646;1875;2385;28000
2014;DOCTORAT;12 mois après le diplôme;Sciences humaines et humanités;Sciences humaines;femmes;176;;80;57;87;86;47;39;2;12;24;1659;1983;2263;28000
2014;DOCTORAT;12 mois après le diplôme;Sciences de la société;Sciences économiques et de gestion;femmes;174;;91;63;95;83;67;13;5;15;28;1800;1983;2494;30000
2014;DOCTORAT;12 mois après le diplôme;Ensemble;Ensemble;hommes;4069;;87;53;93;96;52;17;14;17;36;1870;2160;2500;32000
2014;DOCTORAT;12 mois après le diplôme;Sciences et leurs interactions;Mathématiques et leurs interactions;hommes;261;;93;47;94;98;63;11;14;12;46;2054;2263;2569;31944
2014;DOCTORAT;12 mois après le diplôme;Sciences et leurs interactions;Sciences pour l’ingénieur;hommes;537;;89;57;97;98;48;9;26;17;31;1895;2188;2469;32000
2014;DOCTORAT;12 mois après le diplôme;Sciences du vivant;Sciences agronomiques et écologiques;hommes;108;;80;46;94;94;59;15;12;14;36;ns;ns;ns;ns
2014;DOCTORAT;12 mois après le diplôme;Sciences de la société;Sciences juridiques et politiques;hommes;195;;82;71;92;87;43;36;3;18;44;1707;2125;2869;30000
2016;DOCTORAT;12 mois après le diplôme;Sciences et leurs interactions;Physique;femmes et hommes;678;28;88;46;98;97;49;9;27;16;37;2000;2250;2697;37453
2016;DOCTORAT;12 mois après le diplôme;Ensemble Sciences du vivant;Sciences du vivant;femmes et hommes;1747;56;86;42;96;96;63;10;14;13;35;1900;2140;2735;38087
2016;DOCTORAT;12 mois après le diplôme;Sciences humaines et humanités;Langues et littératures;femmes et hommes;381;64;88;60;94;84;46;45;1;8;31;1700;2000;2356;31721
2016;DOCTORAT;12 mois après le diplôme;Sciences humaines et humanités;Philosophie et arts;femmes et hommes;255;50;84;58;88;77;42;37;4;17;28;1700;2000;2600;32741
2016;DOCTORAT;12 mois après le diplôme;Sciences humaines et humanités;Histoire, géographie;femmes et hommes;423;51;88;53;87;89;43;38;4;15;28;1800;2100;2500;32580
2016;DOCTORAT;12 mois après le diplôme;Sciences humaines et humanités;Sciences humaines;femmes et hommes;440;62;87;66;89;84;40;32;6;21;20;1800;2083;2500;34761
2016;DOCTORAT;12 mois après le diplôme;Sciences de la société;Sciences économiques et de gestion;femmes et hommes;417;42;91;62;97;92;57;18;7;18;35;1917;2283;2833;37919
2016;DOCTORAT;12 mois après le diplôme;Sciences de la société;Sciences sociales, sociologie, démographie;femmes et hommes;258;57;83;47;86;83;43;32;6;19;30;1800;2000;2250;32196
2016;DOCTORAT;12 mois après le diplôme;Ensemble;Ensemble;femmes;3537;;85;51;94;90;50;21;14;16;29;1834;2100;2500;34342
2016;DOCTORAT;12 mois après le diplôme;Sciences et leurs interactions;Chimie et sciences des matériaux;femmes;364;;84;48;97;98;42;12;26;21;31;1900;2100;2492;33620
2016;DOCTORAT;12 mois après le diplôme;Sciences et leurs interactions;Sciences pour l’ingénieur;femmes;193;;88;64;96;92;38;7;34;22;24;2000;2242;2500;36343
2016;DOCTORAT;12 mois après le diplôme;Sciences et leurs interactions;Sciences et TIC;femmes;186;;86;60;99;96;51;6;28;15;29;2000;2300;2617;36936
2016;DOCTORAT;12 mois après le diplôme;Sciences du vivant;Sciences agronomiques et écologiques;femmes;144;;78;35;95;96;63;17;10;11;36;ns;ns;ns;ns
2016;DOCTORAT;12 mois après le diplôme;Sciences humaines et humanités;Histoire, géographie;femmes;210;;83;47;84;85;46;39;3;11;27;1700;2000;2333;30629
2016;DOCTORAT;12 mois après le diplôme;Sciences humaines et humanités;Sciences humaines;femmes;268;;86;64;87;81;41;37;3;19;17;1800;2000;2430;32832
2016;DOCTORAT;12 mois après le diplôme;Ensemble Sciences de la société;Sciences de la société;femmes;510;;85;55;92;87;49;27;5;19;27;1800;2066;2500;33408
2016;DOCTORAT;12 mois après le diplôme;Ensemble;Ensemble;hommes;4742;;89;53;96;95;49;13;21;17;34;2000;2250;2700;37538
2016;DOCTORAT;12 mois après le diplôme;Sciences et leurs interactions;Mathématiques et leurs interactions;hommes;336;;94;48;98;97;54;13;19;14;40;2100;2350;2813;38454
2016;DOCTORAT;12 mois après le diplôme;Sciences et leurs interactions;Chimie et sciences des matériaux;hommes;455;;83;46;99;97;49;7;31;13;37;2000;2200;2563;35820
2016;DOCTORAT;12 mois après le diplôme;Sciences et leurs interactions;Sciences pour l’ingénieur;hommes;629;;92;59;100;97;39;6;35;21;25;2063;2300;2625;37838
2016;DOCTORAT;12 mois après le diplôme;Sciences du vivant;Sciences agronomiques et écologiques;hommes;112;;84;46;96;98;65;10;14;11;42;ns;ns;ns;ns
2016;DOCTORAT;12 mois après le diplôme;Sciences de la société;Sciences juridiques et politiques;hommes;185;;84;69;91;90;48;23;3;27;36;ns;ns;ns;ns
2016;DOCTORAT;36 mois après le diplôme;Sciences et leurs interactions;Sciences de la terre et de l’univers, espace;femmes et hommes;379;43;91;44;96;97;65;10;11;14;48;1947;2269;2600;35713
2016;DOCTORAT;36 mois après le diplôme;Sciences de la société;Sciences sociales, sociologie, démographie;femmes et hommes;258;57;84;55;89;86;49;28;4;19;26;1770;2148;2633;34321
2016;DOCTORAT;36 mois après le diplôme;Ensemble Sciences et leurs interactions;Sciences et leurs interactions;femmes;1200;;92;69;97;95;43;9;27;21;31;2142;2500;2925;39702
2016;DOCTORAT;36 mois après le diplôme;Sciences et leurs interactions;Sciences de la terre et de l’univers, espace;femmes;150;;89;44;94;97;66;9;10;15;45;ns;ns;ns;ns
2016;DOCTORAT;36 mois après le diplôme;Sciences et leurs interactions;Sciences et TIC;femmes;186;;94;76;100;98;46;6;29;20;31;2213;2508;2938;39717
2016;DOCTORAT;36 mois après le diplôme;Ensemble Sciences du vivant;Sciences du vivant;femmes;981;;92;53;94;94;55;12;16;17;31;2000;2344;2900;39973
2016;DOCTORAT;36 mois après le diplôme;Sciences du vivant;Biologie, médecine et santé;femmes;837;;92;54;94;93;55;12;16;17;31;2056;2400;3000;41194
2016;DOCTORAT;36 mois après le diplôme;Ensemble Sciences humaines et humanités;Sciences humaines et humanités;femmes;846;;91;70;91;85;47;38;2;14;22;1873;2200;2586;34807
2016;DOCTORAT;36 mois après le diplôme;Sciences humaines et humanités;Histoire, géographie;femmes;210;;92;60;91;90;48;35;1;17;23;1800;2100;2500;33734
2016;DOCTORAT;36 mois après le diplôme;Sciences humaines et humanités;Sciences humaines;femmes;268;;90;75;90;84;47;33;2;18;18;1916;2200;2700;35628
2016;DOCTORAT;36 mois après le diplôme;Sciences et leurs interactions;Sciences et TIC;hommes;639;;98;78;98;99;36;4;43;17;32;2367;2680;3150;43933
2016;DOCTORAT;36 mois après le diplôme;Ensemble Sciences du vivant;Sciences du vivant;hommes;766;;93;54;97;98;64;8;15;13;39;2100;2500;3650;45873
2016;DOCTORAT;36 mois après le diplôme;Sciences humaines et humanités;Langues et littératures;hommes;139;;93;72;93;94;57;33;0;10;41;ns;ns;ns;ns
2016;DOCTORAT;36 mois après le diplôme;Sciences humaines et humanités;Philosophie et arts;hommes;129;;92;70;90;85;44;30;4;21;39;ns;ns;ns;ns
2016;DOCTORAT;36 mois après le diplôme;Sciences humaines et humanités;Histoire, géographie;hommes;213;;96;66;91;92;44;35;4;18;31;1917;2269;2990;36361
2014;DOCTORAT;36 mois après le diplôme;Ensemble Sciences et leurs interactions;Sciences et leurs interactions;femmes et hommes;3412;31;92;69;94;98;44;10;27;19;35;2160;2468;2813;37100
2014;DOCTORAT;36 mois après le diplôme;Sciences et leurs interactions;Sciences de la terre et de l’univers, espace;femmes et hommes;287;42;88;51;91;97;54;18;11;17;40;1979;2211;2448;31920
2014;DOCTORAT;36 mois après le diplôme;Ensemble Sciences du vivant;Sciences du vivant;femmes et hommes;1496;54;90;49;94;94;63;12;12;13;37;2022;2313;3046;33662
2014;DOCTORAT;36 mois après le diplôme;Sciences humaines et humanités;Langues et littératures;femmes et hommes;307;67;93;74;90;89;44;46;4;6;26;1913;2267;2571;32647
2014;DOCTORAT;36 mois après le diplôme;Sciences humaines et humanités;Philosophie et arts;femmes et hommes;193;54;88;60;86;81;41;40;1;18;27;1734;1983;2571;29719
2014;DOCTORAT;36 mois après le diplôme;Ensemble Sciences et leurs interactions;Sciences et leurs interactions;femmes;996;;91;68;93;97;41;13;25;21;33;2125;2375;2774;36708
2014;DOCTORAT;36 mois après le diplôme;Sciences et leurs interactions;Mathématiques et leurs interactions;femmes;103;;94;70;92;95;56;15;10;19;42;ns;ns;ns;ns
2014;DOCTORAT;36 mois après le diplôme;Sciences et leurs interactions;Chimie et sciences des matériaux;femmes;317;;87;61;93;98;39;15;28;18;36;2057;2309;2625;35000
2014;DOCTORAT;36 mois après le diplôme;Sciences humaines et humanités;Philosophie et arts;femmes;101;;89;59;85;76;35;45;3;17;26;ns;ns;ns;ns
2014;DOCTORAT;36 mois après le diplôme;Ensemble;Ensemble;hommes;4069;;92;68;93;96;49;16;19;16;36;2125;2468;2904;36168
2014;DOCTORAT;36 mois après le diplôme;Sciences et leurs interactions;Chimie et sciences des matériaux;hommes;452;;92;64;94;97;43;9;29;19;37;2125;2394;2695;36168
2014;DOCTORAT;36 mois après le diplôme;Sciences et leurs interactions;Sciences et TIC;hommes;594;;93;75;93;98;41;5;34;20;36;2196;2520;2946;39000
2014;DOCTORAT;36 mois après le diplôme;Sciences du vivant;Biologie, médecine et santé;hommes;552;;91;50;95;97;66;11;12;11;39;2098;2489;3967;37800
2014;DOCTORAT;36 mois après le diplôme;Sciences humaines et humanités;Langues et littératures;hommes;104;;95;74;90;94;61;34;4;1;37;ns;ns;ns;ns
2014;DOCTORAT;36 mois après le diplôme;Ensemble Sciences de la société;Sciences de la société;hommes;469;;90;76;90;91;49;25;4;22;39;2057;2500;3476;35937
2014;DOCTORAT;12 mois après le diplôme;Sciences du vivant;Biologie, médecine et santé;femmes et hommes;1271;55;84;36;92;95;66;16;8;10;36;1867;2125;2720;30492
2014;DOCTORAT;12 mois après le diplôme;Sciences humaines et humanités;Philosophie et arts;femmes et hommes;193;54;79;56;82;78;36;40;1;23;24;1659;1839;2625;27500
2014;DOCTORAT;12 mois après le diplôme;Sciences humaines et humanités;Histoire, géographie;femmes et hommes;361;56;83;56;80;91;43;41;2;14;28;1629;1954;2267;27816
2014;DOCTORAT;12 mois après le diplôme;Sciences de la société;Sciences économiques et de gestion;femmes et hommes;356;49;91;59;93;90;61;19;5;15;33;1800;2196;2880;31000
2014;DOCTORAT;12 mois après le diplôme;Sciences de la société;Sciences sociales, sociologie, démographie;femmes et hommes;213;56;82;56;89;87;46;34;1;19;33;1659;1851;2281;27371
2014;DOCTORAT;12 mois après le diplôme;Ensemble;Ensemble;femmes;2986;;84;51;91;90;51;22;10;17;31;1748;2057;2380;30000
2014;DOCTORAT;12 mois après le diplôme;Sciences et leurs interactions;Sciences de la terre et de l’univers, espace;femmes;112;;80;35;95;96;56;18;7;19;43;1800;2006;2250;30492
2014;DOCTORAT;12 mois après le diplôme;Sciences et leurs interactions;Sciences pour l’ingénieur;femmes;150;;89;59;98;97;42;13;24;21;25;1875;2100;2438;31920
2014;DOCTORAT;12 mois après le diplôme;Sciences humaines et humanités;Philosophie et arts;femmes;101;;77;54;79;73;36;39;2;23;21;ns;ns;ns;ns
2014;DOCTORAT;12 mois après le diplôme;Sciences humaines et humanités;Histoire, géographie;femmes;191;;81;55;79;87;49;35;2;14;30;1615;1806;2160;26136
2014;DOCTORAT;12 mois après le diplôme;Ensemble Sciences et leurs interactions;Sciences et leurs interactions;hommes;2416;;87;52;96;98;51;9;21;19;36;1969;2195;2494;32880
2014;DOCTORAT;12 mois après le diplôme;Ensemble Sciences humaines et humanités;Sciences humaines et humanités;hommes;524;;86;63;85;92;42;40;3;15;29;1682;1983;2479;29000
2016;DOCTORAT;12 mois après le diplôme;Ensemble Sciences de la société;Sciences de la société;femmes et hommes;1048;49;87;58;93;89;49;25;5;20;32;1850;2100;2600;35658
2016;DOCTORAT;12 mois après le diplôme;Sciences de la société;Sciences juridiques et politiques;femmes et hommes;373;50;84;62;91;88;44;29;2;25;30;1800;2025;2400;34823
2016;DOCTORAT;12 mois après le diplôme;Sciences et leurs interactions;Physique;femmes;181;;86;47;98;96;53;10;26;11;36;2000;2254;2642;36519
2016;DOCTORAT;12 mois après le diplôme;Ensemble Sciences du vivant;Sciences du vivant;femmes;981;;85;40;95;94;61;11;14;14;32;1882;2100;2500;35606
2016;DOCTORAT;12 mois après le diplôme;Sciences du vivant;Biologie, médecine et santé;femmes;837;;87;41;95;93;60;10;15;15;31;1950;2100;2600;36577
2016;DOCTORAT;12 mois après le diplôme;Sciences de la société;Sciences économiques et de gestion;femmes;174;;90;62;99;91;61;20;6;13;29;1880;2200;2800;36107
2016;DOCTORAT;12 mois après le diplôme;Sciences de la société;Sciences juridiques et politiques;femmes;188;;84;55;90;86;40;35;1;23;24;ns;ns;ns;ns
2016;DOCTORAT;12 mois après le diplôme;Sciences et leurs interactions;Sciences et TIC;hommes;639;;93;59;98;99;44;5;34;17;33;2058;2300;2688;37665
2016;DOCTORAT;12 mois après le diplôme;Ensemble Sciences humaines et humanités;Sciences humaines et humanités;hommes;653;;89;61;91;88;42;34;6;18;31;1800;2100;2600;34548
2016;DOCTORAT;12 mois après le diplôme;Sciences de la société;Sciences économiques et de gestion;hommes;243;;91;61;96;93;54;17;8;21;38;1950;2300;2833;39259
2016;DOCTORAT;36 mois après le diplôme;Sciences et leurs interactions;Sciences et TIC;femmes et hommes;825;26;97;78;98;99;38;5;39;18;32;2313;2600;3100;42915
2016;DOCTORAT;36 mois après le diplôme;Ensemble Sciences de la société;Sciences de la société;femmes et hommes;1048;49;90;70;95;92;50;22;3;25;31;2000;2325;2959;40335
2016;DOCTORAT;36 mois après le diplôme;Sciences humaines et humanités;Langues et littératures;femmes;242;;90;74;94;87;47;47;0;6;26;1900;2257;2600;34983
2016;DOCTORAT;36 mois après le diplôme;Ensemble;Ensemble;hommes;4742;;94;68;97;96;46;12;23;18;34;2188;2500;3100;42510
2016;DOCTORAT;36 mois après le diplôme;Sciences et leurs interactions;Sciences pour l’ingénieur;hommes;629;;95;77;99;97;33;5;40;22;24;2300;2650;3200;43378
2014;DOCTORAT;36 mois après le diplôme;Sciences et leurs interactions;Sciences pour l’ingénieur;femmes et hommes;687;27;93;78;97;98;40;9;32;19;30;2247;2500;2850;38864
2014;DOCTORAT;36 mois après le diplôme;Sciences du vivant;Biologie, médecine et santé;femmes et hommes;1271;55;91;47;94;95;64;12;12;12;37;2055;2366;3291;34412
2014;DOCTORAT;36 mois après le diplôme;Sciences humaines et humanités;Histoire, géographie;femmes et hommes;361;56;90;64;81;91;45;42;2;11;30;1851;2263;2571;32000
2014;DOCTORAT;36 mois après le diplôme;Sciences de la société;Sciences sociales, sociologie, démographie;femmes et hommes;213;56;85;59;88;87;57;28;2;13;35;1882;2210;2547;31212
2014;DOCTORAT;36 mois après le diplôme;Sciences et leurs interactions;Sciences de la terre et de l’univers, espace;femmes;112;;87;48;87;97;50;21;12;17;33;1952;2125;2366;31236
2014;DOCTORAT;36 mois après le diplôme;Sciences et leurs interactions;Sciences pour l’ingénieur;femmes;150;;92;81;98;96;31;15;33;21;25;2250;2531;2893;39528
2014;DOCTORAT;36 mois après le diplôme;Sciences du vivant;Biologie, médecine et santé;femmes;719;;91;45;93;93;63;12;12;13;36;1983;2236;2980;32450
2014;DOCTORAT;36 mois après le diplôme;Sciences du vivant;Sciences agronomiques et écologiques;femmes;117;;88;59;95;89;55;16;13;16;37;ns;ns;ns;ns
2014;DOCTORAT;36 mois après le diplôme;Sciences humaines et humanités;Histoire, géographie;femmes;191;;88;60;79;87;46;38;4;12;32;1843;2196;2531;31944
2014;DOCTORAT;36 mois après le diplôme;Ensemble Sciences de la société;Sciences de la société;femmes;483;;89;71;92;88;55;23;5;17;29;2039;2281;2805;32208
2014;DOCTORAT;36 mois après le diplôme;Sciences et leurs interactions;Physique;hommes;397;;91;59;95;97;48;10;23;19;35;2175;2468;2904;37752
2014;DOCTORAT;36 mois après le diplôme;Sciences et leurs interactions;Sciences pour l’ingénieur;hommes;537;;94;77;97;99;42;8;32;18;33;2225;2500;2833;38304
2014;DOCTORAT;36 mois après le diplôme;Ensemble Sciences humaines et humanités;Sciences humaines et humanités;hommes;524;;92;72;86;93;47;38;3;12;31;1810;2263;2696;31944
2014;DOCTORAT;36 mois après le diplôme;Sciences humaines et humanités;Sciences humaines;hommes;158;;93;77;85;94;42;35;6;17;33;1806;2180;3038;31102
2014;DOCTORAT;12 mois après le diplôme;Ensemble;Ensemble;femmes et hommes;7055;44;85;52;92;93;51;20;12;17;34;1839;2125;2479;31171
2014;DOCTORAT;12 mois après le diplôme;Sciences de la société;Sciences juridiques et politiques;femmes;188;;82;65;89;77;51;24;2;23;29;1646;2000;2479;30000
2014;DOCTORAT;12 mois après le diplôme;Sciences de la société;Sciences sociales, sociologie, démographie;femmes;121;;80;56;89;90;48;29;1;22;31;ns;ns;ns;ns
2014;DOCTORAT;12 mois après le diplôme;Sciences et leurs interactions;Physique;hommes;397;;85;45;94;98;51;10;19;20;37;1998;2195;2500;33506
2014;DOCTORAT;12 mois après le diplôme;Sciences et leurs interactions;Sciences de la terre et de l’univers, espace;hommes;175;;79;43;94;98;56;16;8;20;49;1748;2063;2344;30000
2014;DOCTORAT;12 mois après le diplôme;Ensemble Sciences de la société;Sciences de la société;hommes;469;;86;62;91;90;48;33;3;16;40;1748;2160;2904;31000
2014;DOCTORAT;12 mois après le diplôme;Sciences de la société;Sciences économiques et de gestion;hommes;182;;91;56;92;97;55;25;5;15;38;1800;2417;3125;34122
2016;DOCTORAT;12 mois après le diplôme;Ensemble Sciences et leurs interactions;Sciences et leurs interactions;femmes et hommes;3985;32;89;52;98;97;47;8;29;17;33;2000;2250;2600;36733
2016;DOCTORAT;12 mois après le diplôme;Sciences du vivant;Biologie, médecine et santé;femmes et hommes;1491;56;87;42;96;96;63;9;14;14;34;1963;2184;2838;39272
2016;DOCTORAT;12 mois après le diplôme;Sciences et leurs interactions;Mathématiques et leurs interactions;femmes;126;;92;53;100;98;53;12;18;17;37;ns;ns;ns;ns
2016;DOCTORAT;12 mois après le diplôme;Ensemble Sciences du vivant;Sciences du vivant;hommes;766;;86;44;97;98;66;9;13;12;39;1952;2246;3133;41288
2016;DOCTORAT;12 mois après le diplôme;Sciences humaines et humanités;Histoire, géographie;hommes;213;;92;58;90;92;40;37;4;18;30;1815;2240;2900;34371
2016;DOCTORAT;12 mois après le diplôme;Ensemble Sciences de la société;Sciences de la société;hommes;538;;88;61;93;91;50;23;5;22;37;1900;2167;2750;37632
2016;DOCTORAT;36 mois après le diplôme;Ensemble;Ensemble;femmes et hommes;8279;44;93;66;96;94;47;15;19;19;32;2100;2450;3000;40678
2016;DOCTORAT;36 mois après le diplôme;Ensemble Sciences et leurs interactions;Sciences et leurs interactions;femmes et hommes;3985;32;94;70;98;97;41;7;32;19;32;2242;2576;3010;41922
2016;DOCTORAT;36 mois après le diplôme;Sciences et leurs interactions;Sciences pour l’ingénieur;femmes et hommes;822;27;95;77;99;96;33;5;39;23;23;2300;2625;3125;43003
2016;DOCTORAT;36 mois après le diplôme;Ensemble Sciences humaines et humanités;Sciences humaines et humanités;femmes et hommes;1499;58;92;70;92;88;47;35;3;16;27;1883;2208;2700;35716
2016;DOCTORAT;36 mois après le diplôme;Sciences humaines et humanités;Histoire, géographie;femmes et hommes;423;51;94;63;91;91;46;35;3;17;27;1849;2200;2600;34958
2016;DOCTORAT;36 mois après le diplôme;Ensemble;Ensemble;femmes;3537;;91;65;94;92;48;19;14;19;28;2000;2343;2810;38283
2016;DOCTORAT;36 mois après le diplôme;Sciences et leurs interactions;Mathématiques et leurs interactions;femmes;126;;94;72;99;96;51;15;18;16;33;ns;ns;ns;ns
2016;DOCTORAT;36 mois après le diplôme;Sciences et leurs interactions;Sciences pour l’ingénieur;femmes;193;;94;77;97;92;32;6;35;26;23;2250;2500;3000;41881
2016;DOCTORAT;36 mois après le diplôme;Sciences de la société;Sciences juridiques et politiques;femmes;188;;90;76;93;95;32;31;1;36;23;1883;2214;2650;36837
2016;DOCTORAT;36 mois après le diplôme;Sciences de la société;Sciences sociales, sociologie, démographie;femmes;148;;83;53;85;85;48;22;6;24;21;ns;ns;ns;ns
2016;DOCTORAT;36 mois après le diplôme;Sciences du vivant;Biologie, médecine et santé;hommes;654;;94;53;97;99;64;7;15;14;38;2100;2600;4000;47613
2016;DOCTORAT;36 mois après le diplôme;Sciences du vivant;Sciences agronomiques et écologiques;hommes;112;;92;58;97;97;63;10;17;10;45;ns;ns;ns;ns
2016;DOCTORAT;36 mois après le diplôme;Ensemble Sciences humaines et humanités;Sciences humaines et humanités;hommes;653;;93;71;92;91;47;31;5;18;33;1900;2300;2858;37045
2016;DOCTORAT;36 mois après le diplôme;Sciences humaines et humanités;Sciences humaines;hommes;172;;90;77;94;91;44;23;9;23;24;ns;ns;ns;ns
2016;DOCTORAT;36 mois après le diplôme;Sciences de la société;Sciences économiques et de gestion;hommes;243;;96;68;96;94;57;18;5;20;39;2200;2483;3300;44860
